Название лампы,Цена,URL
Настольная лампа Рэй White,2590руб.,https://www.divan.ru/product/nastolnaya-lampa-rej-white
Настольная лампа Рэй Black,2990руб.,https://www.divan.ru/product/nastolnaya-lampa-rej-black
Настольная лампа Сфера Black,3990руб.,https://www.divan.ru/product/nastolnaya-lampa-sfera-black
Настольная лампа Сфера Orange,4990руб.,https://www.divan.ru/product/nastolnaya-lampa-sfera-orange
Настольная лампа Машрум Grey,3990руб.,https://www.divan.ru/product/nastolnaya-lampa-mashrum-grey
Настольная лампа Спайк Orange,790руб.,https://www.divan.ru/product/nastolnaya-lampa-spajk-orange
Настольная лампа Спайк Green,990руб.,https://www.divan.ru/product/nastolnaya-lampa-spajk-green
Настольная лампа Клауд White,11 590руб.,https://www.divan.ru/product/nastolnaya-lampa-klaud-white
Настольная лампа Гровер Glass,3990руб.,https://www.divan.ru/product/nastolnaya-lampa-grover-glass
Настольная лампа Сканди White,4690руб.,https://www.divan.ru/product/nastolnaya-lampa-skandi-white
Настольная лампа Гросс White,3590руб.,https://www.divan.ru/product/nastolnaya-lampa-gross-white
Настольная лампа Дэнди Black,3590руб.,https://www.divan.ru/product/nastolnaya-lampa-dendi-black
Настольная лампа Дэнди White,3590руб.,https://www.divan.ru/product/nastolnaya-lampa-dendi-white
Настольная лампа Раффи Round,4990руб.,https://www.divan.ru/product/nastolnaya-lampa-raffi-round
Настольная лампа Junior-4,2990руб.,https://www.divan.ru/product/nastolnaya-lampa-junior-4
Настольная лампа Alba White,6490руб.,https://www.divan.ru/product/nastolnaya-lampa-alba-white
Настольная лампа Palla White,13 890руб.,https://www.divan.ru/product/nastolnaya-lampa-palla-white
Настольная лампа Alba Silver,6190руб.,https://www.divan.ru/product/nastolnaya-lampa-alba-silver
Настольная лампа Junior-3,3870руб.,https://www.divan.ru/product/nastolnaya-lampa-junior-3
Настольная лампа Narices,15 390руб.,https://www.divan.ru/product/nastolnaya-lampa-narices
Настольная лампа Junior-1,3990руб.,https://www.divan.ru/product/nastolnaya-lampa-junior-1
Настольная лампа Junior-2,2890руб.,https://www.divan.ru/product/nastolnaya-lampa-junior-2
Настольная лампа Терси Blue,11 790руб.,https://www.divan.ru/product/nastolnaya-lampa-tersi-blue
Настольная лампа Moderli Suspent,3690руб.,https://www.divan.ru/product/nastolnaya-lampa-moderli-suspent
Настольная лампа Акаси Black,7990руб.,https://www.divan.ru/product/nastolnaya-lampa-akasi-black
Настольная лампа Ларм White,9490руб.,https://www.divan.ru/product/nastolnaya-lampa-larm-white
Настольная лампа Rodos,4990руб.,https://www.divan.ru/product/nastolnaya-lampa-rodos
Настольная лампа Taeda,4990руб.,https://www.divan.ru/product/nastolnaya-lampa-taeda
Настольная лампа Alba Brown,5590руб.,https://www.divan.ru/product/nastolnaya-lampa-alba-brown
Настольная лампа Sphere,6530руб.,https://www.divan.ru/product/nastolnaya-lampa-sphere
Настольная лампа Ларм Black,9490руб.,https://www.divan.ru/product/nastolnaya-lampa-larm-black
Настольная лампа Townshend-5,5490руб.,https://www.divan.ru/product/nastolnaya-lampa-townshend-5
Настольная лампа Джеркс Black,8990руб.,https://www.divan.ru/product/nastolnaya-lampa-djerks-black
Настольная лампа Layham,4590руб.,https://www.divan.ru/product/nastolnaya-lampa-layham
Настольная лампа Акаси White,7990руб.,https://www.divan.ru/product/nastolnaya-lampa-akasi-white
Настольная лампа Moderli Birds-1,9690руб.,https://www.divan.ru/product/nastolnaya-lampa-moderli-birds-1
Настольная лампа Джеркс White,8990руб.,https://www.divan.ru/product/nastolnaya-lampa-djerks-white
Настольная лампа Palla Grey,14 990руб.,https://www.divan.ru/product/nastolnaya-lampa-palla-grey
Настольная лампа Palla Black,13 290руб.,https://www.divan.ru/product/nastolnaya-lampa-palla-black
Настольная лампа Олли Brass,7990руб.,https://www.divan.ru/product/nastolnaya-lampa-olli-brass
Настольная лампа Олли White,7590руб.,https://www.divan.ru/product/nastolnaya-lampa-olli-white
Настольная лампа Фаро Black,3490руб.,https://www.divan.ru/product/nastolnaya-lampa-faro-black
Настольная лампа Альби White,1590руб.,https://www.divan.ru/product/nastolnaya-lampa-albi-white
Настольная лампа Дэви White,9190руб.,https://www.divan.ru/product/nastolnaya-lampa-devi-white
Настольная лампа Nevy Silver,11 190руб.,https://www.divan.ru/product/nastolnaya-lampa-nevy-silver
Настольная лампа Фаро White,4390руб.,https://www.divan.ru/product/nastolnaya-lampa-faro-white
Настольная лампа Мист Black,6990руб.,https://www.divan.ru/product/nastolnaya-lampa-mist-black
Фонарь Ройл Black,5990руб.,https://www.divan.ru/product/fonar-rojl-black
